horizon_azimuth,horizon_elevation
0.0,0.0
7.5,0.0
15.0,0.0
22.5,0.0
30.0,0.0
37.5,0.8
45.0,0.8
52.5,0.8
60.0,0.8
67.5,0.8
75.0,0.8
82.5,1.9
90.0,3.1
97.5,3.8
105.0,5.0
112.5,6.9
120.0,6.9
127.5,7.6
135.0,10.7
142.5,10.7
150.0,11.1
157.5,11.1
165.0,11.8
172.5,11.8
180.0,11.8
187.5,12.2
195.0,11.5
202.5,11.5
210.0,9.9
217.5,7.6
225.0,6.1
232.5,5.7
240.0,5.7
247.5,4.2
255.0,1.9
262.5,0.0
270.0,0.0
277.5,0.0
285.0,0.0
292.5,0.0
300.0,0.0
307.5,0.0
315.0,0.0
322.5,0.0
330.0,0.0
337.5,0.0
345.0,0.0
352.5,0.0
