lat,long,altitude,Dlat,Dlong,Daltitude,position,distance,direction,Dposition,slope,TMY_GridID,Horizon_GridID,timezone
45.51303,-73.52736,11.3,0.0001900000000034,3.999999999848569e-05,-0.200000000000001,0.0,0.0,1.3633001003710024,15.45839973285533,-0.0129372279930047,183;-295,54616;-88233,America/Toronto
45.51307,-73.52717,11.1,0.0001949999999979,4.500000000007276e-05,-0.2000000000000001,15.45839973285533,15.459693473699334,1.3439974787383495,16.00217176777096,-0.0124976528210559,183;-295,54616;-88233,America/Toronto
45.51312,-73.52697,10.9,0.0002199999999987,-0.000164999999999,0.75,32.00434353554192,32.006845987701944,2.214297435588181,31.37666981293887,0.0238985594630465,183;-295,54616;-88233,America/Toronto
45.51274,-73.52673,12.6,0.0002449999999996,-0.0003750000000017,0.5999999999999996,78.21173935873307,78.24550328612554,2.562877708679516,45.864115104708375,0.0130813768837704,183;-295,54616;-88233,America/Toronto
45.51237,-73.52648,12.1,0.0002950000000012,-0.0005249999999996,-1.25,123.73257374495869,123.76908358489136,2.629655477280483,62.82019255313885,-0.0198954351519288,183;-295,54615;-88232,America/Toronto
45.51169,-73.52614,10.1,0.0002000000000066,-0.0003849999999978,-1.0999999999999996,203.8521244650108,203.91359311351096,2.6624823595135467,45.582664642130496,-0.0241272982604085,183;-295,54615;-88232,America/Toronto
45.5116,-73.52608,9.9,5.000000000165983e-05,-8.500000000211116e-05,-0.0999999999999996,214.8979030292197,214.96118217581488,2.6098685863273343,10.23580833394783,-0.0097693133166651,183;-295,54614;-88232,America/Toronto
45.51152,-73.52604,9.9,3.499999999689862e-05,-7.000000000090267e-05,0.0,224.32374113290643,224.38702027950163,2.6779450446295896,8.247608820971394,0.0,183;-295,54614;-88232,America/Toronto
45.51146,-73.52601,9.9,0.0001549999999994,-0.00028,0.0,231.39312067116245,231.45639981775764,2.636011598717149,33.3973356223014,0.0,183;-295,54614;-88232,America/Toronto
45.51096,-73.52573,9.9,0.000160000000001,-0.000284999999998,0.0,291.11841237750923,291.1816915241044,2.630036526413834,34.05490585199725,0.0,183;-295,54614;-88231,America/Toronto
45.51089,-73.52569,9.9,0.000124999999997,-0.0002199999999987,0.0,299.50293237515694,299.5662115217521,2.6248975148352844,26.33072981382807,0.0,183;-295,54614;-88231,America/Toronto
45.51052,-73.52548,9.9,0.0001350000000002,-0.0002450000000031,0.0,343.7798720051654,343.84315115176054,2.6379663574704644,29.20786350066481,0.0,183;-295,54613;-88231,America/Toronto
45.5104,-73.52542,9.9,5.5000000003246896e-05,-0.0001099999999993,0.0,357.9186593764866,357.98193852308174,2.6779450445631494,12.96055634891664,0.0,183;-295,54613;-88231,America/Toronto
45.5103,-73.52537,9.9,3.499999999689862e-05,-6.999999999734996e-05,0.0499999999999998,369.70098470299865,369.7642638495938,2.6779450446092885,8.247628048929954,0.006062274775521,183;-295,54613;-88231,America/Toronto
45.51026,-73.52535,10.0,3.499999999689862e-05,-7.499999999893703e-05,0.0499999999999998,374.4139154743465,374.4782554125389,2.704965493804777,8.77496059343008,0.0056979696207373,183;-295,54613;-88231,America/Toronto
45.51015,-73.5253,10.0,5.5000000003246896e-05,-0.0001300000000021,0.0,387.2509058898588,387.3152458280512,2.741351996540663,15.079565179592691,0.0,183;-295,54613;-88231,America/Toronto
45.51,-73.52524,10.0,3.999999999848569e-05,-0.0001150000000009,-0.0499999999999998,404.5730458335319,404.6373857717242,2.8068558162873574,13.17661092187359,-0.0037945842307303,183;-295,54612;-88231,America/Toronto
45.50992,-73.52522,9.9,3.999999999848569e-05,-0.0001350000000002,-0.0499999999999998,413.604127733606,413.6690212983521,2.85353720654992,15.334637096417424,-0.0032605807686034,183;-295,54612;-88231,America/Toronto
45.50973,-73.52516,9.9,3.500000000400405e-05,-0.0001300000000021,0.0,435.2423200263667,435.3072135911128,2.8785979218843725,14.7303729342201,0.0,183;-295,54612;-88231,America/Toronto
45.50966,-73.52515,9.9,2.5000000000829917e-05,-9.000000000014552e-05,0.0499999999999998,443.0648736020462,443.1297671667923,2.870645803243229,10.222450918393577,0.0048911559150615,183;-295,54612;-88231,America/Toronto
45.50955,-73.52511,10.0,2.9999999995311555e-05,-8.499999999855845e-05,0.0499999999999998,455.68722186315387,455.7525115444896,2.802300039179474,9.736827552343897,0.0051350976735801,183;-295,54612;-88231,America/Toronto
45.50949,-73.52509,10.0,1.999999999924285e-05,-6.49999999993156e-05,0.0,462.538528706734,462.60381838806967,2.8430937220112957,7.394721836262562,0.0,183;-295,54612;-88231,America/Toronto
45.50942,-73.52507,10.0,3.500000000400405e-05,-0.000119999999999,-0.0499999999999998,470.476665535679,470.5419552170147,2.8577985443484963,13.619317490599087,-0.0036712394289211,183;-295,54612;-88231,America/Toronto
45.50925,-73.52502,9.9,0.0001049999999978,-0.0003449999999993,-0.0499999999999998,489.77716368793216,489.8427124282002,2.8461518164514,39.22541326115044,-0.001274683139393,183;-295,54612;-88231,America/Toronto
45.50873,-73.52486,9.9,8.499999999855845e-05,-0.0002650000000024,0.0,548.9274920579799,548.9930407982479,2.8312052464650104,30.25407308071729,0.0,183;-295,54611;-88230,America/Toronto
45.50872,-73.52485,9.9,3.0000000002416986e-05,-9.499999999817987e-05,0.0499999999999998,550.2853098493667,550.3508585896348,2.8357137821563048,10.87430859599317,0.0045979610753207,183;-295,54611;-88230,America/Toronto
45.50854,-73.5248,10.0,5.000000000165983e-05,-0.0001749999999987,0.0,570.6761092499662,570.7419031973906,2.863292994573957,19.845654925670654,0.0,183;-295,54611;-88230,America/Toronto
45.50837,-73.52475,9.9,5.000000000165983e-05,-0.0001750000000022,-0.0499999999999998,589.976619700708,590.0426727068997,2.8632929945793197,19.845657240801643,-0.0025194375575729,183;-295,54611;-88230,America/Toronto
45.50819,-73.5247,9.9,4.500000000007276e-05,-0.0001449999999998,0.0,610.3674237315695,610.4334767377611,2.8406724192285973,16.506586196666262,0.0,183;-295,54610;-88230,America/Toronto
45.50808,-73.52466,9.9,7.999999999697138e-05,-0.0002649999999988,0.0,622.9897920940406,623.0558451002322,2.848405757041184,30.12562051563708,0.0,183;-295,54610;-88230,America/Toronto
45.50766,-73.52454,9.9,7.499999999538431e-05,-0.0002449999999996,0.0499999999999998,670.6186647628437,670.6847177690353,2.8445284412655263,27.878008741538736,0.0017935264620676,183;-295,54610;-88230,America/Toronto
45.50759,-73.52451,10.0,5.5000000003246896e-05,-0.0001750000000022,0.0499999999999998,678.745809577118,678.8124777822362,2.8370817703744837,19.939867863222105,0.0025075339288851,183;-295,54610;-88230,America/Toronto
45.50731,-73.52443,10.0,0.0001050000000049,-0.0003549999999989,-0.0499999999999998,710.4984004892879,710.565068694406,2.854016822795866,40.31392217134021,-0.001240265686624,183;-295,54609;-88230,America/Toronto
45.50688,-73.5243,9.9,0.0001049999999978,-0.0003349999999997,0.0,759.3736539197985,759.4404244260694,2.8378581677529717,38.140275171679946,0.0,183;-295,54609;-88230,America/Toronto
45.50664,-73.52422,10.0,0.0001899999999963,-0.0006250000000029,0.0,786.7789508326478,786.845903784793,2.846470186387854,71.05985997907578,0.0,183;-295,54608;-88230,America/Toronto
45.50563,-73.52392,9.9,0.0003900000000029,-0.0013049999999985,0.0,901.49337387795,901.5603704165852,2.851190711038939,148.25812999794482,0.0,183;-295,54607;-88229,America/Toronto
45.50403,-73.52344,10.0,0.0001250000000041,-0.000874999999997,0.0,1083.2952108285374,1083.3622348696429,2.999695598980513,103.1430623857226,0.0,183;-295,54605;-88229,America/Toronto
45.50388,-73.52367,9.9,-0.0001400000000018,-9.000000000014552e-05,-0.0499999999999998,1107.7794986493952,1107.846726902246,-2.1421338066233933,14.806878380599414,-0.0033767961530295,183;-295,54605;-88229,America/Toronto
45.50385,-73.52372,9.9,-4.500000000007276e-05,-3.500000000045134e-05,0.0,1112.9089675897362,1112.976195842587,-2.231839495651049,5.280447834457164,0.0,183;-295,54605;-88229,America/Toronto
45.50381,-73.52376,9.9,-2.5000000000829917e-05,-4.500000000007276e-05,0.0,1118.3403943183096,1118.4076225711603,-2.6344941491840497,5.522763588651856,0.0,183;-295,54605;-88229,America/Toronto
45.50376,-73.52377,9.9,-5.000000001587068e-06,-3.0000000002416986e-05,0.0,1123.95449476704,1124.0217230198907,-2.9764439761367587,3.3630248576643,0.0,183;-295,54605;-88229,America/Toronto
45.50375,-73.52377,9.9,0.0,-2.999999999886427e-05,0.0,1125.0664440336382,1125.133672286489,3.141592653589793,3.33584779944124,0.0,183;-295,54605;-88229,America/Toronto
45.5037,-73.52377,9.9,5.000000001587068e-06,-5.499999999969418e-05,0.0,1130.6261903659224,1130.6934186187732,3.0509327663599275,6.138402204818362,0.0,183;-295,54605;-88229,America/Toronto
45.50364,-73.52376,9.9,0.0003099999999989,-0.0010399999999997,-0.0499999999999998,1137.343248443275,1137.4104766961257,2.8519010823455084,118.15330176128292,-0.000423179007865,183;-295,54605;-88229,America/Toronto
45.50162,-73.52315,9.8,0.0003850000000014,-0.0012699999999981,0.0,1366.9327938884885,1367.0000439193332,2.8472488227433423,144.37011503312544,0.0,183;-295,54602;-88228,America/Toronto
45.5011,-73.52299,9.9,8.000000000407681e-05,-0.0002650000000024,0.0499999999999998,1426.0834785095258,1426.1508130701857,2.84840575702032,30.131316943817865,0.001659401552201,183;-295,54602;-88228,America/Toronto
45.50109,-73.52299,9.9,2.9999999995311555e-05,-0.0001050000000013,0.0,1427.195427776124,1427.262762336784,2.86329299462937,11.918622255452874,0.0,183;-295,54602;-88228,America/Toronto
45.50089,-73.52293,9.9,0.0001499999999978,-0.0004949999999972,0.0,1449.9207230204315,1449.9880575810914,2.847358088480996,56.2693239051315,0.0,183;-295,54602;-88228,America/Toronto
45.5001,-73.52269,9.9,0.0001350000000002,-0.0004500000000007,0.0,1539.734075586387,1539.801410147047,2.8501358591119264,51.133131917948845,0.0,183;-295,54601;-88228,America/Toronto
45.49999,-73.52266,9.9,3.499999999689862e-05,-0.0001200000000025,0.0,1552.1869868563292,1552.2543214169891,2.857798544411024,13.620299587595357,0.0,182;-295,54600;-88228,America/Toronto
45.49986,-73.52262,9.9,3.0000000002416986e-05,-0.0001149999999974,0.0,1566.9746747615775,1567.0420093222376,2.886410262943823,13.007952039560225,0.0,182;-295,54600;-88228,America/Toronto
45.49976,-73.5226,9.9,1.999999999924285e-05,-9.000000000014552e-05,0.0,1578.2028909354497,1578.2702254961096,2.9229237077242107,10.129673501963794,0.0,182;-295,54600;-88228,America/Toronto
45.49968,-73.52258,9.9,9.999999996068707e-06,-5.499999999969418e-05,0.0,1587.2340217655053,1587.3013563261652,2.961739153865527,6.183489314571602,0.0,182;-295,54600;-88228,America/Toronto
45.49965,-73.52258,9.9,1.0000000003174137e-05,-6.999999999734996e-05,0.0,1590.5698695645929,1590.6372041252528,2.999695598935891,7.833106614065514,0.0,182;-295,54600;-88228,America/Toronto
45.49954,-73.52256,9.9,1.5000000004761205e-05,-0.0001100000000029,0.0499999999999998,1602.9002349936363,1602.9675695542962,3.0060649395653782,12.29330659266509,0.004067231539098,182;-295,54600;-88228,America/Toronto
45.49943,-73.52255,10.0,5.000000001587068e-06,-0.0001250000000005,0.0499999999999998,1615.156482749923,1615.224225258993,3.1016139664540177,13.91176874291682,0.0035940638200319,182;-295,54600;-88228,America/Toronto
45.49929,-73.52255,10.0,0.0,-0.0001349999999966,-0.0499999999999998,1630.72377247947,1630.7915149885405,3.141592653589793,15.01131509660138,-0.0033308084450532,182;-295,54600;-88228,America/Toronto
45.49916,-73.52255,9.9,-5.000000001587068e-06,-0.0001500000000014,-0.0499999999999998,1645.1791129431258,1645.247201340983,-3.108271657701294,16.687269254438547,-0.0029962871461228,182;-295,54599;-88228,America/Toronto
45.49899,-73.52256,9.9,-2.5000000000829917e-05,-0.0001850000000018,0.0,1664.098310988347,1664.1663993862044,-3.0072712116337663,20.687818732781352,0.0,182;-295,54599;-88228,America/Toronto
45.49879,-73.5226,9.9,-9.000000000014552e-05,-0.000519999999998,-0.1000000000000005,1686.5547504086885,1686.6228388065458,-2.970213527199393,58.2476858359654,-0.0017168047162305,182;-295,54599;-88228,America/Toronto
45.49795,-73.52274,9.7,-7.000000000090267e-05,-0.0004449999999991,-0.1000000000000005,1780.593682660278,1780.6619837357666,-2.985567810586466,49.7993392919368,-0.0020080560708667,182;-295,54598;-88228,America/Toronto
45.4979,-73.52274,9.7,5.000000001587068e-06,-5.000000000165983e-05,0.0,1786.153428992562,1786.2217300680509,3.041924001070491,5.586929069281496,0.0,182;-295,54598;-88228,America/Toronto
45.49785,-73.52273,9.7,1.4999999997655776e-05,-4.500000000007276e-05,0.0,1791.7675407988409,1791.8358418743296,2.8198420992405206,5.163578285626954,0.0,182;-295,54598;-88228,America/Toronto
45.49781,-73.52271,9.7,1.999999999924285e-05,-3.500000000045134e-05,0.0,1796.480585563816,1796.5488866393048,2.622446539365133,4.1975666375043375,0.0,182;-295,54598;-88228,America/Toronto
45.49778,-73.52269,9.7,2.5000000000829917e-05,-3.500000000045134e-05,0.0,1800.1626740738495,1800.2309751493383,2.5213431675973696,4.353521610152143,0.0,182;-295,54598;-88228,America/Toronto
45.49774,-73.52266,9.7,3.999999999848569e-05,-2.999999999886427e-05,0.0,1805.1876287841203,1805.255929859609,2.214297435588181,4.755945933895646,0.0,182;-295,54598;-88228,America/Toronto
45.49772,-73.52261,9.7,0.0003600000000005,-0.000119999999999,0.0,1809.6745659416408,1809.7428670171296,1.8925468811885784,31.076611608883013,0.0,182;-295,54598;-88228,America/Toronto
45.4975,-73.52194,9.7,0.0003400000000013,-0.0001800000000002,-0.0499999999999998,1867.3408520018863,1867.409153077375,2.057695558605205,36.626537528565336,-0.0013651295567143,182;-295,54598;-88227,America/Toronto
45.49736,-73.52193,9.6,0.0,-9.999999999976694e-05,-0.0499999999999998,1882.9276409987715,1882.9962628554392,3.141592653589793,11.15192862809306,-0.0044834993692617,182;-295,54597;-88227,America/Toronto
45.4973,-73.52194,9.6,-1.999999999924285e-05,-6.000000000128125e-05,0.0,1889.6447092580725,1889.71333111474,-2.8198420992109146,6.893321550022392,0.0,182;-295,54597;-88227,America/Toronto
45.49724,-73.52197,9.6,-3.0000000002416986e-05,-4.500000000007276e-05,0.0,1896.7142840988165,1896.782905955484,-2.553590050005788,5.571651157369843,0.0,182;-295,54597;-88227,America/Toronto
45.49721,-73.522,9.6,-2.5000000000829917e-05,-2.999999999886427e-05,0.0,1900.788011572812,1900.85663342948,-2.4468543773581453,3.877911507720455,0.0,182;-295,54597;-88227,America/Toronto
45.49718,-73.52202,9.6,-5.499999999614147e-05,-4.500000000007276e-05,0.0,1904.4701071142567,1904.538728970925,-2.2565258377363584,6.681451374869766,0.0,182;-295,54597;-88227,America/Toronto
45.49712,-73.52211,9.6,-8.000000000407681e-05,-4.500000000007276e-05,0.0,1914.150914322552,1914.2195361792196,-2.08318578708455,8.037856764029357,0.0,182;-295,54597;-88227,America/Toronto
45.49709,-73.52218,9.6,-8.000000000407681e-05,-2.5000000000829917e-05,0.0,1920.545820642316,1920.614442498984,-1.873681195164811,6.876867280647616,0.0,182;-295,54597;-88227,America/Toronto
45.49707,-73.52227,9.6,-5.499999999614147e-05,-9.999999999621425e-06,0.0,1927.904648883847,1927.9732707405144,-1.7506498265930592,4.458830219218953,0.0,182;-295,54597;-88227,America/Toronto
45.49707,-73.52229,9.6,-7.999999999697138e-05,-5.000000001587068e-06,0.0,1929.4634810807536,1929.532102937421,-1.633215136812972,6.263583891114877,0.0,182;-295,54597;-88227,America/Toronto
45.49706,-73.52243,9.6,-7.500000000248974e-05,-5.000000001587068e-06,0.0,1940.4318166660769,1940.5004385227444,-1.6373644905895843,5.873875911343475,0.0,182;-295,54597;-88227,America/Toronto
45.49706,-73.52244,9.6,-0.0001099999999993,9.999999999621425e-06,0.0,1941.2112329034408,1941.2798547601085,-1.4801364395970635,8.64877244838624,0.0,182;-295,54597;-88227,America/Toronto
45.49708,-73.52265,9.6,-0.0001649999999955,2.000000000279556e-05,0.0,1957.729361562849,1957.7979834195169,-1.4501726581948602,13.065938159746338,0.0,182;-295,54597;-88228,America/Toronto
45.4971,-73.52277,9.6,-0.0001150000000009,2.000000000279556e-05,0.0499999999999998,1967.3431092229332,1967.4117310796007,-1.3986055122497938,9.235526117897848,0.0054138238438493,182;-295,54597;-88228,America/Toronto
45.49712,-73.52288,9.7,-7.000000000090267e-05,9.999999999621425e-06,0.0499999999999998,1976.2004137986448,1976.2696001431468,-1.4288992721978382,5.597775397672308,0.0089318821851496,182;-295,54597;-88228,America/Toronto
45.49712,-73.52291,9.7,-0.0001949999999979,3.999999999848569e-05,-0.0499999999999998,1978.538660018278,1978.60784636278,-1.3684746984219724,15.88676059087402,-0.0031472643290623,182;-295,54597;-88228,America/Toronto
45.4972,-73.52327,9.6,-0.0002850000000051,5.999999999772854e-05,-0.1499999999999994,2007.9739349803929,2008.043291188624,-1.3633001003710024,23.198267191930995,-0.0064659100765375,182;-295,54597;-88228,America/Toronto
45.49724,-73.52348,9.4,-0.0001299999999986,2.5000000000829917e-05,-0.0999999999999996,2024.93519440214,2025.0057297271069,-1.380808038868072,10.506930105094511,-0.0095172404993022,182;-295,54597;-88229,America/Toronto
45.49725,-73.52353,9.4,-6.49999999993156e-05,1.5000000001208493e-05,0.0499999999999998,2028.987795190582,2029.0583305155485,-1.3439974787210516,5.336315026035209,0.009369487488258,182;-295,54597;-88229,America/Toronto
45.49727,-73.52361,9.5,-8.000000000407681e-05,1.999999999924285e-05,0.0499999999999998,2035.6078244542105,2035.6791150197669,-1.3258176636889307,6.620028220191102,0.0075526942806737,182;-295,54597;-88229,America/Toronto
45.49729,-73.52369,9.5,-4.99999999945544e-05,1.5000000001208493e-05,0.0499999999999998,2042.227851630964,2042.2991421965205,-1.2793395322648795,4.267401907227281,0.011716194828997,182;-295,54597;-88229,America/Toronto
45.4973,-73.52371,9.6,-8.499999999855845e-05,2.5000000000829917e-05,0.0999999999999996,2044.142628268665,2044.216528326721,-1.284744885064001,7.211723065176898,0.0138654231010028,182;-295,54597;-88229,America/Toronto
45.49734,-73.52386,9.7,-0.0001400000000018,3.999999999848569e-05,0.0499999999999998,2056.651297761318,2056.725597535756,-1.2924966678031915,11.787136007368758,0.0042418870941123,182;-295,54597;-88229,America/Toronto
45.49738,-73.52399,9.7,-0.000124999999997,4.500000000007276e-05,-0.0999999999999996,2067.7169002834025,2067.791200057841,-1.225240746205133,10.973118806270122,-0.0091129271056636,182;-295,54597;-88229,America/Toronto
45.49743,-73.52411,9.5,-0.0001250000000041,5.000000000165983e-05,-0.1999999999999993,2078.597535373858,2078.673673121058,-1.1902899496825317,11.219052123993606,-0.0178249299019265,182;-295,54597;-88229,America/Toronto
45.49748,-73.52424,9.3,-0.0001550000000065,6.49999999993156e-05,-0.0999999999999996,2090.1550045313897,2090.2328726317205,-1.1737168815887782,14.084681733542991,-0.0070997926435937,182;-295,54597;-88230,America/Toronto
45.49756,-73.52442,9.3,-0.000204999999994,0.0001049999999978,0.0,2106.766898840944,2106.844766941275,-1.0974402849566331,19.82020413147825,0.0,182;-295,54598;-88230,America/Toronto
45.49769,-73.52465,9.3,-0.0003199999999949,0.0001800000000002,0.0,2129.7954127943462,2129.873280894677,-1.0584068664767794,31.979075599548423,0.0,182;-295,54598;-88230,America/Toronto
45.49792,-73.52506,9.3,-0.0002350000000035,0.0001350000000002,-0.0500000000000007,2170.725050040041,2170.802918140372,-1.0493618870289572,23.69173058871479,-0.0021104378838128,182;-295,54598;-88231,America/Toronto
45.49796,-73.52512,9.2,-0.0005000000000023,0.0003449999999993,0.0499999999999998,2177.178873971776,2177.2575167601026,-0.9668133485449796,54.684338260063214,0.0009143383216715,182;-295,54598;-88231,America/Toronto
45.49861,-73.52606,9.4,-0.000479999999996,0.0003650000000021,0.25,2280.0937265601674,2280.17256368372,-0.9206618161200344,55.9729942655888,0.0044664099335134,182;-295,54599;-88232,America/Toronto
45.49869,-73.52608,9.7,1.0000000003174137e-05,7.000000000090267e-05,0.25,2289.1248625029534,2289.2086810145806,0.1418970546467965,8.197645639395205,0.0304871118930092,182;-295,54599;-88232,America/Toronto
45.49875,-73.52604,9.9,5.999999999772854e-05,0.0001049999999978,0.0500000000000007,2296.489017838958,2296.5755517079483,0.5191461142392353,12.585362387201712,0.0039728484093416,182;-295,54599;-88232,America/Toronto
45.4989,-73.52596,9.8,4.99999999945544e-05,9.999999999976694e-05,-0.0499999999999998,2314.295587277357,2314.382401939377,0.4636476089581735,11.79034970805833,-0.004240730894987,182;-295,54599;-88232,America/Toronto
45.49895,-73.52594,9.8,9.999999996068707e-06,3.500000000045134e-05,0.0,2320.0697172550745,2320.1565319170945,0.2782996588978596,3.999014255103475,0.0,182;-295,54599;-88232,America/Toronto
45.49897,-73.52594,9.8,0.0,3.500000000045134e-05,0.0,2322.293615787564,2322.380430449584,0.0,3.891822432386789,0.0,182;-295,54599;-88232,America/Toronto
45.49902,-73.52594,9.8,-4.999999994481641e-06,6.49999999993156e-05,0.0,2327.853362119848,2327.940176781868,-0.0767718911861847,7.244709150435028,0.0,182;-295,54599;-88232,America/Toronto
45.4991,-73.52595,9.8,-9.999999996068707e-06,5.999999999772854e-05,0.0,2336.783034088434,2336.869848750454,-0.1651486773570152,6.722619408413266,0.0,182;-295,54599;-88232,America/Toronto
45.49914,-73.52596,9.8,-1.0000000003174137e-05,3.500000000045134e-05,0.0,2341.2986009366746,2341.385415598694,-0.2782996590855501,3.970626456306036,0.0,182;-295,54599;-88232,America/Toronto
45.49917,-73.52597,9.8,-9.50000000017326e-05,9.999999999976694e-05,0.0499999999999998,2344.724287001046,2344.811101663066,-0.7597627548860415,13.48293136048892,0.003708375386788,182;-295,54600;-88232,America/Toronto
45.49934,-73.52615,9.9,-0.000124999999997,0.0001150000000009,0.1499999999999994,2368.2644636576524,2368.351490721538,-0.827040742480028,16.079266724122363,0.0093285130155828,182;-295,54600;-88232,America/Toronto
45.4994,-73.52622,10.1,-0.000160000000001,0.0001500000000014,0.4500000000000002,2376.88282044929,2376.972167828818,-0.817645045831225,20.830620713377584,0.0215994532067673,182;-295,54600;-88232,America/Toronto
45.49964,-73.52647,10.8,-0.0001350000000002,0.0001299999999986,0.3500000000000005,2409.925705084408,2410.0224662391142,-0.8042638494251878,17.879332209185804,0.0195731752557558,182;-295,54600;-88232,America/Toronto
45.49966,-73.52649,10.8,-5.999999999772854e-05,5.499999999969418e-05,-0.0500000000000007,2412.6414848676623,2412.738246022369,-0.8288490587728914,7.7000934708532895,-0.0064933364073639,182;-295,54600;-88232,America/Toronto
45.49975,-73.52659,10.7,-9.50000000017326e-05,8.500000000211116e-05,-0.1000000000000005,2425.325892026114,2425.4230473594566,-0.8408966686398858,12.006422128313488,-0.0083286833236769,182;-295,54600;-88232,America/Toronto
45.49983,-73.52668,10.6,-9.50000000017326e-05,8.500000000211116e-05,-0.0499999999999998,2436.654329124289,2436.751925816184,-0.8408966686398858,12.006414899251922,-0.0041644163873916,182;-295,54600;-88233,America/Toronto
45.49992,-73.52678,10.6,-0.000160000000001,0.000119999999999,-0.2000000000000001,2449.338721824618,2449.436318516513,-0.9272952180087176,18.30245725751047,-0.0109270595243477,182;-295,54600;-88233,America/Toronto
45.50007,-73.527,10.2,-0.0001150000000009,7.999999999697138e-05,-0.2000000000000001,2473.25924363931,2473.3601845060884,-0.9629943307026598,12.639204164870762,-0.015822460583397,183;-295,54601;-88233,America/Toronto
45.50008,-73.52701,10.2,-5.000000000165983e-05,2.999999999886427e-05,0.0,2474.6171301543595,2474.718071021138,-1.03037682655566,5.15421198910326,0.0,183;-295,54601;-88233,America/Toronto
45.50013,-73.5271,10.2,-9.000000000014552e-05,4.500000000007276e-05,0.0,2483.5676676175167,2483.668608484295,-1.1071487177940904,8.62810395860106,0.0,183;-295,54601;-88233,America/Toronto
45.50017,-73.52719,10.2,-9.999999999621424e-05,4.500000000007276e-05,0.0500000000000007,2491.8733380715616,2491.97427893834,-1.1479424006471837,9.261867540725008,0.0053984268358767,183;-295,54601;-88233,America/Toronto
45.50022,-73.5273,10.3,-0.0001199999999954,5.499999999969418e-05,0.0500000000000007,2502.0914026989667,2502.192832883484,-1.141034047685975,11.17462470859482,0.0044743933361064,183;-295,54601;-88233,America/Toronto
45.50028,-73.52743,10.3,-0.0001400000000018,7.000000000090267e-05,-0.1000000000000005,2514.2225874887517,2514.324017673269,-1.1071487177940904,13.410674840788031,-0.0074566080986602,183;-295,54601;-88233,America/Toronto
45.50036,-73.52758,10.1,-0.0001050000000049,6.000000000128125e-05,-0.1500000000000003,2528.9127523805428,2529.0155439570835,-1.051650212559305,10.571920993932508,-0.0141875762772909,183;-295,54601;-88234,America/Toronto
45.5004,-73.52764,10.0,-5.5000000003246896e-05,4.500000000007276e-05,-0.0999999999999996,2535.3664294766163,2535.469995758777,-0.8850668159167506,6.6215478850372165,-0.01510106099345,183;-295,54601;-88234,America/Toronto
45.50045,-73.52769,9.9,-7.999999999697138e-05,7.000000000090267e-05,-0.0999999999999996,2542.155848150617,2542.260150832917,-0.8519663271481202,9.983491604665003,-0.0100162007236368,183;-295,54601;-88234,America/Toronto
45.50054,-73.5278,9.8,-9.499999999462716e-05,8.499999999855845e-05,-0.0499999999999998,2555.3334126859463,2555.438094795568,-0.8408966686234886,12.020312280334563,-0.0041596017193352,183;-295,54601;-88234,America/Toronto
45.50062,-73.52788,9.8,-8.499999999855845e-05,9.999999999976694e-05,-0.0500000000000007,2566.1964727112863,2566.301154820908,-0.7044940642349988,12.968877446133092,-0.0038553646972774,183;-295,54601;-88234,America/Toronto
45.50074,-73.52797,9.7,-6.49999999993156e-05,0.0001150000000009,-0.2000000000000001,2581.2711675782125,2581.376181365857,-0.514451313050884,13.848581802419403,-0.0144409081019872,183;-295,54601;-88234,America/Toronto
45.50085,-73.52801,9.4,-3.999999999848569e-05,0.0001050000000013,-0.25,2593.893636316125,2594.0022146716738,-0.3639789564927599,12.085349586606071,-0.0206832535082221,183;-295,54602;-88234,America/Toronto
45.50095,-73.52805,9.2,-3.500000000400405e-05,0.0001050000000013,-0.1500000000000003,2605.4418667514246,2605.5521768441995,-0.321750554427094,12.000567110288102,-0.0124987583996748,183;-295,54602;-88234,America/Toronto
45.50106,-73.52808,9.1,-3.0000000002416986e-05,9.999999999976694e-05,-0.0999999999999996,2617.8947705367013,2618.005482135782,-0.2914567945006827,11.36497177690444,-0.0087987389107595,183;-295,54602;-88234,America/Toronto
45.50115,-73.52811,9.0,-1.4999999997655776e-05,4.999999999810712e-05,-0.0499999999999998,2628.171810305233,2628.2830084142206,-0.2914567944452734,5.694494517211524,-0.0087801849631211,183;-295,54602;-88234,America/Toronto
45.50116,-73.52811,9.0,0.0,5.999999999772854e-05,-0.0499999999999998,2629.2837595711244,2629.3949576801115,0.0,6.67169559817512,-0.0074942064140348,183;-295,54602;-88234,America/Toronto
45.50127,-73.52811,8.9,0.0,0.0001250000000005,0.0499999999999998,2641.515201501584,2641.6268083862883,0.0,13.899365830710394,0.0035972709069004,183;-295,54602;-88234,America/Toronto
45.50141,-73.52811,9.1,0.0,0.0001050000000013,0.1499999999999994,2657.082491232545,2657.1953828093915,0.0,11.6754672978675,0.0128467447289321,183;-295,54602;-88234,America/Toronto
45.50148,-73.52811,9.2,0.0,9.000000000014552e-05,0.2000000000000001,2664.8661360973188,2664.979670020236,0.0,10.00754339797004,0.0199822645724205,183;-295,54602;-88234,America/Toronto
45.50159,-73.52811,9.5,5.000000001587068e-06,0.0001350000000002,0.5,2677.0975780284853,2677.2147904412004,0.0370201158856101,15.01984599283469,0.033277000763885,183;-295,54602;-88234,America/Toronto
45.50175,-73.5281,10.2,5.000000001587068e-06,0.0001399999999982,0.5,2694.905828082988,2695.036792854052,0.0356991126910909,15.575820625780352,0.0320900177280392,183;-295,54603;-88234,America/Toronto
45.50187,-73.5281,10.5,1.4999999997655776e-05,0.0003600000000005,0.1500000000000003,2708.249219280046,2708.3835560810567,0.0416425790920207,40.05065091082702,0.0037452399710605,183;-295,54603;-88234,America/Toronto
45.50247,-73.52807,10.5,9.999999996068707e-06,0.0003250000000001,-0.0499999999999998,2775.007129904642,2775.141466705653,0.030759526058372,36.18600677583413,-0.0013817487099155,183;-295,54603;-88234,America/Toronto
45.50252,-73.52808,10.4,3.0000000002416986e-05,5.499999999969418e-05,-0.0999999999999996,2780.621232831714,2780.756460176331,0.4993467217163361,7.1161323330106825,-0.0140516524430405,183;-295,54604;-88234,America/Toronto
45.50258,-73.52801,10.3,-9.999999996068707e-06,3.500000000045134e-05,-0.0499999999999998,2789.2393945706635,2789.375202065881,-0.2782996588978596,7.859906072316562,-0.0063613133668124,183;-295,54604;-88234,America/Toronto
45.50259,-73.5281,10.3,-5.5000000003246896e-05,2.999999999886427e-05,-0.0500000000000007,2796.341044976348,2796.476852471565,-1.0714496051554985,6.4378764031826,-0.0077663800276742,183;-295,54604;-88234,America/Toronto
45.50264,-73.52812,10.2,-2.5000000000829917e-05,4.500000000007276e-05,-0.1000000000000005,2802.1151473770287,2802.251820742781,-0.5070985044057434,5.399481215106334,-0.0185181807266368,183;-295,54604;-88234,America/Toronto
45.50268,-73.52815,10.1,-4.500000000007276e-05,4.500000000007276e-05,-0.0499999999999998,2807.14000740656,2807.2776757264014,-0.7853981633974483,6.1447854027831,-0.0081368010856194,183;-295,54604;-88234,America/Toronto
45.50273,-73.52821,10.1,-5.5000000003246896e-05,3.500000000045134e-05,-0.0499999999999998,2814.404718182595,2814.5423865024363,-1.0040671092922886,5.875673388116638,-0.0085094575283072,183;-295,54604;-88234,America/Toronto
45.50275,-73.52826,10.0,-5.000000000165983e-05,1.999999999924285e-05,-0.0499999999999998,2818.8913541827933,2819.0301367849584,-1.1902899497070332,4.4866353984607485,-0.0111437471120763,183;-295,54604;-88234,America/Toronto
45.50277,-73.52831,10.0,-5.499999999614147e-05,1.999999999924285e-05,-0.0499999999999998,2823.3779889795164,2823.516771581681,-1.2220253232006169,4.832280018657457,-0.0103467132601934,183;-295,54604;-88234,America/Toronto
45.50279,-73.52837,9.9,-5.999999999772854e-05,1.5000000001208493e-05,-0.0499999999999998,2828.555914220108,2828.6956623699834,-1.325817663640168,4.99216905365688,-0.0100153515763671,183;-295,54604;-88235,America/Toronto
45.5028,-73.52843,9.9,-8.500000000566388e-05,0.0,0.0,2833.36232708683,2833.5020752367054,-1.5707963267948966,6.7254659310160605,0.0,183;-295,54604;-88235,America/Toronto
45.50279,-73.52854,9.9,-0.0001150000000009,-1.999999999924285e-05,0.0,2842.0068460821403,2842.146594232016,-1.742987141310013,9.286850027759328,0.0,183;-295,54604;-88235,America/Toronto
45.50276,-73.52866,9.9,-0.0001149999999938,-2.49999999972772e-05,-0.0499999999999998,2851.936027142349,2852.075775292224,-1.784857010347175,9.39282718931895,-0.0053231606122435,183;-295,54604;-88235,America/Toronto
45.50274,-73.52877,9.8,-9.999999999621424e-05,-1.5000000001208493e-05,-0.0499999999999998,2860.7925004607782,2860.9328131514662,-1.7196862744217665,7.979052633465244,-0.0062663260724974,183;-295,54604;-88235,America/Toronto
45.50273,-73.52886,9.8,-0.0001000000000033,0.0,0.0,2867.89413240928,2868.034445099968,-1.5707963267948966,7.873080002537335,0.0,183;-295,54604;-88235,America/Toronto
45.50274,-73.52897,9.8,-0.0001200000000025,1.999999999924285e-05,0.0,2876.538660465853,2876.678973156541,-1.4056476493898715,9.65548229893284,0.0,183;-295,54604;-88235,America/Toronto
45.50277,-73.5291,9.8,-7.500000000248974e-05,1.999999999924285e-05,0.0499999999999998,2887.205097007145,2887.345409697833,-1.3101939350652454,6.290544837164134,0.0079482697243723,183;-295,54604;-88235,America/Toronto
45.50278,-73.52912,9.9,-5.5000000003246896e-05,1.999999999924285e-05,0.0499999999999998,2889.119750140181,2889.262672491465,-1.2220253232421083,4.840769653441839,0.0103285687148827,183;-295,54604;-88235,America/Toronto
45.50281,-73.52921,9.9,-9.000000000014552e-05,3.999999999848569e-05,0.0,2896.8866363140287,2897.0295586653124,-1.152571997230318,8.358578550527,0.0,183;-295,54604;-88236,America/Toronto
45.50286,-73.5293,9.9,-7.499999999538431e-05,4.500000000007276e-05,0.0,2905.836907241235,2905.979829592519,-1.030376826496448,7.70189878647443,0.0,183;-295,54604;-88236,America/Toronto
45.5029,-73.52936,9.9,-6.49999999993156e-05,4.500000000007276e-05,0.0,2912.2904338869776,2912.433356238261,-0.9652516631842424,7.121361260938102,0.0,183;-295,54604;-88236,America/Toronto
45.50295,-73.52943,9.9,-6.49999999993156e-05,5.5000000003246896e-05,0.0,2920.079629763112,2920.222552114395,-0.8685393952515875,7.968188244459498,0.0,183;-295,54604;-88236,America/Toronto
45.50301,-73.52949,9.9,-5.999999999772854e-05,7.000000000090267e-05,0.0,2928.2268103758965,2928.36973272718,-0.7086262721025923,9.098442799963095,0.0,183;-295,54604;-88236,America/Toronto
45.50309,-73.52955,9.9,-4.500000000007276e-05,5.999999999772854e-05,0.0,2938.2765153630376,2938.419437714321,-0.6435011088122322,7.537278160944425,0.0,183;-295,54604;-88236,America/Toronto
45.50313,-73.52958,9.9,-2.5000000000829917e-05,3.999999999848569e-05,-0.0499999999999998,2943.3013666977854,2943.444289049069,-0.5585993153754969,4.8689236950669965,-0.0102688490580819,183;-295,54604;-88236,America/Toronto
45.50317,-73.5296,9.8,-3.0000000002416986e-05,5.499999999969418e-05,-0.1500000000000003,2948.014362753172,2948.1583458813616,-0.4993467217163361,6.548837491729728,-0.0229008242890248,183;-295,54604;-88236,America/Toronto
45.50324,-73.52964,9.6,-7.000000000090267e-05,0.0001950000000014,-0.25,2956.399041681245,2956.5454097732654,-0.3446473156196815,22.40525251246322,-0.0111576348168185,183;-295,54604;-88236,America/Toronto
45.50356,-73.52974,9.3,-7.500000000248974e-05,0.0002549999999992,0.0499999999999998,2992.824867778098,2992.972471236389,-0.286051441727124,28.9545998006397,0.0017268396263346,183;-295,54605;-88236,America/Toronto
45.50375,-73.52979,9.7,-3.499999999689862e-05,0.0001549999999994,0.1999999999999993,3014.308241282524,3014.4595682280883,-0.2220819018871889,17.458744604303547,0.011455076326389,183;-295,54605;-88236,America/Toronto
45.50387,-73.52981,9.7,-2.9999999995311555e-05,0.0001950000000014,-0.0499999999999998,3027.742356986705,3027.893683932269,-0.152649328370622,21.809073629968907,-0.0022926197254663,183;-295,54605;-88236,America/Toronto
45.50414,-73.52985,9.6,-2.5000000000829917e-05,0.0001850000000018,-0.0499999999999998,3057.926388542462,3058.077881138074,-0.1343214419560268,20.66540013901863,-0.002419498393324,183;-295,54605;-88236,America/Toronto
45.50424,-73.52986,9.6,-3.0000000002416986e-05,0.0003500000000009,0.0499999999999998,3069.0731572647423,3069.2246498603545,-0.0855052936848264,38.98870802821944,0.0012824218887609,183;-295,54606;-88236,America/Toronto
45.50484,-73.52991,9.7,-3.999999999848569e-05,0.0004299999999979,0.0499999999999998,3135.903804598901,3136.0553720104454,-0.0927563201850958,47.91785226285447,0.0010434520641531,183;-295,54606;-88236,America/Toronto
45.5051,-73.52994,9.7,-1.4999999997655776e-05,0.0002150000000007,-0.0999999999999996,3164.9088617904517,3165.060429201996,-0.0696545737174779,23.95409736079978,-0.00417462689477,183;-295,54607;-88236,America/Toronto
45.50527,-73.52994,9.5,0.0,0.0002200000000023,-0.3499999999999996,3183.8119993205005,3183.964624727856,0.0,24.462883861979662,-0.0143064130573913,183;-295,54607;-88236,America/Toronto
45.50554,-73.52994,9.0,0.0,0.0001799999999967,-0.2999999999999998,3213.8346295144106,3213.9914181590616,0.0,20.015086795586512,-0.0149875711256437,183;-295,54607;-88236,America/Toronto
45.50563,-73.52994,8.9,9.999999996068707e-06,0.0001299999999986,0.0499999999999998,3223.842172911673,3223.999461166968,0.0767718912405203,14.487413143021968,0.0034512580670222,183;-295,54607;-88236,America/Toronto
45.5058,-73.52992,9.1,1.999999999924285e-05,0.0002300000000019,0.3499999999999996,3242.8094558004545,3242.967798473728,0.0867383386719858,25.62572779346556,0.0136572994792595,183;-295,54607;-88236,America/Toronto
45.50609,-73.5299,9.6,3.500000000400405e-05,0.0003449999999993,0.25,3275.0936284986046,3275.2558428060192,0.1011033717479685,38.46624443408223,0.0064991132821845,183;-295,54608;-88236,America/Toronto
45.50649,-73.52985,9.6,3.0000000002416986e-05,0.0002449999999996,0.0,3319.741944668619,3319.9041589760336,0.1218424370298304,27.34307754282213,0.0,183;-295,54608;-88236,America/Toronto
45.50658,-73.52984,9.6,1.999999999924285e-05,0.0001099999999993,0.0499999999999998,3329.779783584249,3329.9419978916635,0.1798534997867939,12.340504219060904,0.0040516761317699,183;-295,54608;-88236,America/Toronto
45.50671,-73.52981,9.7,2.9999999995311555e-05,0.0001500000000014,0.0499999999999998,3344.422953106741,3344.5855088663047,0.1973955598179974,16.84516241215215,0.0029682024987032,183;-295,54609;-88236,America/Toronto
45.50688,-73.52978,9.7,2.9999999995311555e-05,0.0001449999999998,0.0,3363.470108408553,3363.632664168117,0.2040179795617611,16.296899898738502,0.0,183;-295,54609;-88236,America/Toronto
45.507,-73.52975,9.7,3.500000000400405e-05,0.000119999999999,0.0,3377.016752904218,3377.1793086637817,0.283794109241297,13.624644586330078,0.0,183;-295,54609;-88236,America/Toronto
45.50712,-73.52971,9.7,4.000000000559112e-05,0.0001200000000025,-0.0499999999999998,3390.7193975812133,3390.8819533407773,0.3217505544321693,13.702643921298431,-0.0036489146457678,183;-295,54609;-88236,America/Toronto
45.50724,-73.52967,9.6,3.499999999689862e-05,0.0001150000000009,-0.0499999999999998,3404.4220407468147,3404.5849613946243,0.2954408371166751,13.077748953955506,-0.0038232693220113,183;-295,54609;-88236,America/Toronto
45.50735,-73.52964,9.6,4.500000000007276e-05,0.0001299999999986,0.1500000000000003,3416.8748954891244,3417.037816136934,0.3332443011154272,14.887527050203744,0.0100752075189863,183;-295,54609;-88236,America/Toronto
45.5075,-73.52958,9.9,8.499999999855845e-05,0.0001999999999995,0.1500000000000003,3434.197094847222,3434.362613122806,0.4018706474351904,23.206271984104205,0.0064636797818758,183;-295,54610;-88236,America/Toronto
45.50775,-73.52947,9.9,6.49999999993156e-05,0.000160000000001,0.0,3463.2874394573328,3463.4529577329167,0.3858826693921178,18.51424525879565,0.0,183;-295,54610;-88236,America/Toronto
45.50782,-73.52945,9.9,1.5000000004761205e-05,4.500000000007276e-05,0.0,3471.225585364813,3471.391103640397,0.3217505544913812,5.147311254682563,0.0,183;-295,54610;-88236,America/Toronto
45.50784,-73.52944,9.9,1.999999999924285e-05,3.999999999848569e-05,0.0,3473.582061966698,3473.747580242282,0.4636476090008061,4.712952929252424,0.0,183;-295,54610;-88236,America/Toronto
45.5079,-73.52941,9.9,2.9999999995311555e-05,6.49999999993156e-05,-0.0499999999999998,3480.6514912233183,3480.8170094989023,0.4324077755150808,7.598285183541748,-0.0065803371562835,183;-295,54610;-88236,America/Toronto
45.50797,-73.52938,9.8,1.4999999997655776e-05,4.0000000002038405e-05,-0.0499999999999998,3488.7786323337814,3488.9447658085724,0.3587706702024379,4.619545188530765,-0.0108231537088578,183;-295,54610;-88236,America/Toronto
45.50798,-73.52938,9.8,1.0000000003174137e-05,2.5000000000829917e-05,0.0,3489.89058160038,3490.056715075171,0.3805063772103708,2.912450457403338,0.0,183;-295,54610;-88236,America/Toronto
45.50802,-73.52936,9.8,1.0000000003174137e-05,2.49999999972772e-05,0.0,3494.603533248588,3494.769666723379,0.3805063772593737,2.9124504570495446,0.0,183;-295,54610;-88236,America/Toronto
45.50803,-73.52936,9.8,1.999999999924285e-05,5.499999999969418e-05,0.0499999999999998,3495.715482514479,3495.88161598927,0.3487710035735341,6.330036190897317,0.0078986847258842,183;-295,54610;-88236,America/Toronto
45.50813,-73.52932,9.9,0.0001099999999993,0.0002700000000004,-0.0500000000000007,3507.2636056303827,3507.430172067848,0.3868757177285202,31.222433189563844,-0.0016014112979105,183;-295,54610;-88236,America/Toronto
45.50857,-73.52914,9.7,0.0001099999999993,0.0002649999999988,-0.0499999999999998,3558.1603488936066,3558.327308282006,0.393450637928504,30.689239177673016,-0.0016292341256965,183;-295,54611;-88235,America/Toronto
45.50866,-73.5291,9.8,3.0000000002416986e-05,5.499999999969418e-05,0.0500000000000007,3568.6420839857287,3568.809520383534,0.4993467217163361,6.598685773567468,0.0075771213894052,183;-295,54611;-88235,America/Toronto
45.50868,-73.52908,9.8,1.4999999997655776e-05,1.5000000001208493e-05,0.0,3571.3577204407416,3571.525156838547,0.7853981632790246,2.0367272818202764,0.0,183;-295,54611;-88235,America/Toronto
45.50869,-73.52907,9.8,1.999999999924285e-05,9.999999999621425e-06,0.0499999999999998,3572.7155385493693,3572.8829749471747,1.1071487177940904,1.9732794446433672,0.0253331090895967,183;-295,54611;-88235,America/Toronto
45.5087,-73.52904,9.9,2.5000000000829917e-05,9.999999999621425e-06,0.0499999999999998,3575.3042793300283,3575.473646448822,1.1902899497070332,2.251630128303077,0.0222024848853594,183;-295,54611;-88235,America/Toronto
45.50871,-73.52902,9.9,2.5000000000829917e-05,5.000000001587068e-06,0.0,3577.2187988059754,3577.388165924769,1.3734007668903587,2.126142190010569,0.0,183;-295,54611;-88235,America/Toronto
45.50871,-73.52899,9.9,6.000000000483397e-05,4.9999999980343546e-06,0.0,3579.556563710049,3579.725930828843,1.4876550949456575,4.719330492004701,0.0,183;-295,54611;-88235,America/Toronto
45.50872,-73.5289,9.9,6.999999999379725e-05,4.9999999980343546e-06,0.0,3586.657459789985,3586.8268269087785,1.4994888620312472,5.498585113427453,0.0,183;-295,54611;-88235,America/Toronto
45.50872,-73.52885,9.9,6.49999999993156e-05,0.0,0.0,3590.5537339369043,3590.723101055698,1.5707963267948966,5.06515639178815,0.0,183;-295,54611;-88235,America/Toronto
45.50872,-73.52877,9.9,7.000000000090267e-05,0.0,0.0,3596.787772573561,3596.9571396923548,1.5707963267948966,5.454783806083469,0.0,183;-295,54611;-88235,America/Toronto
45.50872,-73.52871,9.9,7.499999999538431e-05,1.0000000003174137e-05,0.0,3601.4633015490717,3601.632668667865,1.4382447944485777,6.016486835320393,0.0,183;-295,54611;-88235,America/Toronto
45.50874,-73.52862,9.9,8.499999999855845e-05,2.5000000000829917e-05,0.0,3608.820746244202,3608.990113362996,1.284744885064001,7.213940513174293,0.0,183;-295,54611;-88235,America/Toronto
45.50877,-73.52854,9.9,0.0001200000000025,4.999999999810712e-05,0.0,3615.89118257542,3616.0605496942135,1.176005207116157,10.884327104081194,0.0,183;-295,54611;-88235,America/Toronto
45.50884,-73.52838,9.9,0.0001350000000002,8.00000000005241e-05,0.0,3630.589400452364,3630.758767571158,1.035841253006636,13.937475634327484,0.0,183;-295,54611;-88235,America/Toronto
45.50893,-73.52827,9.9,7.999999999697138e-05,7.000000000090267e-05,0.0,3643.766133844075,3643.935500962869,0.8519663271481202,9.98290660406542,0.0,183;-295,54611;-88234,America/Toronto
45.50898,-73.52822,9.9,4.000000000559112e-05,4.500000000007276e-05,0.0,3650.555213660495,3650.7245807792888,0.7266423407503297,5.906908669452378,0.0,183;-295,54611;-88234,America/Toronto
45.50902,-73.52819,9.9,3.500000000400405e-05,4.999999999810712e-05,0.0,3655.57995118298,3655.749318301773,0.6107259644607398,6.194325363092503,0.0,183;-295,54611;-88234,America/Toronto
45.50908,-73.52815,9.9,5.999999999772854e-05,0.0001099999999993,0.0,3662.94386438668,3663.113231505474,0.4993467216665528,13.1078386550073,0.0,183;-295,54611;-88234,America/Toronto
45.50924,-73.52807,9.9,7.000000000090267e-05,0.000155000000003,0.0,3681.795628492994,3681.964995611788,0.4241944079013101,18.086960545203056,0.0,183;-295,54612;-88234,America/Toronto
45.50939,-73.52801,9.9,4.500000000007276e-05,0.0001200000000025,0.0,3699.1177854770863,3699.28715259588,0.3587706702640832,13.799559026772158,0.0,183;-295,54612;-88234,America/Toronto
45.50948,-73.52798,9.9,4.500000000007276e-05,0.000119999999999,0.0,3709.3947465465385,3709.564113665332,0.3587706702738167,13.799556335606669,0.0,183;-295,54612;-88234,America/Toronto
45.50963,-73.52792,9.9,3.499999999689862e-05,8.99999999965928e-05,0.0,3726.7168981483,3726.886265267093,0.3708912887955179,10.373902314891891,0.0,183;-295,54612;-88234,America/Toronto
45.50966,-73.52791,9.9,9.999999999621424e-05,0.0002749999999984,0.0,3730.1425511763214,3730.311918295116,0.3487710035735341,31.5562239838157,0.0,183;-295,54612;-88234,America/Toronto
45.51018,-73.52772,9.9,0.0001050000000049,0.0002900000000032,0.0,3789.829346115931,3789.9987132347246,0.3473859629297107,33.269048719078455,0.0,183;-295,54613;-88234,America/Toronto
45.51024,-73.5277,9.9,1.999999999924285e-05,6.000000000128125e-05,0.0,3796.680648614479,3796.850015733273,0.3217505543788786,6.851302309481298,0.0,183;-295,54613;-88234,America/Toronto
45.5103,-73.52768,9.9,0.0001150000000009,0.0004049999999971,0.0,3803.5319507348936,3803.701317853687,0.2766683390860039,45.91888208828618,0.0,183;-295,54613;-88234,America/Toronto
45.51105,-73.52747,9.9,0.0001050000000049,0.0003899999999994,0.0,3888.518412791052,3888.687779909845,0.2629947316930069,44.16115492797644,0.0,183;-295,54614;-88233,America/Toronto
45.51108,-73.52747,9.9,3.499999999689862e-05,0.0001300000000021,0.0999999999999996,3891.8542605908474,3892.02362770964,0.2629947316544579,14.742939571223133,0.0067828037932752,183;-295,54614;-88233,America/Toronto
45.51131,-73.5274,10.1,6.49999999993156e-05,0.0002700000000004,0.8999999999999995,3918.004291933498,3918.174423858546,0.2362452607156737,30.46803722093682,0.0295305654898386,183;-295,54614;-88233,America/Toronto
45.51162,-73.52734,11.7,3.499999999689862e-05,0.0002099999999991,1.2000000000000002,3952.79033503272,3952.997243883653,0.1651486774009098,23.52114006276838,0.0509737405513291,183;-295,54614;-88233,America/Toronto
45.51173,-73.52733,12.5,9.999999996068707e-06,9.000000000014552e-05,0.6500000000000004,3965.0465720590346,3965.279562314845,0.1106572211305698,10.03939387326318,0.0646547031671055,183;-295,54615;-88233,America/Toronto
45.5118,-73.52732,13.0,1.0000000003174137e-05,0.0001050000000013,0.6500000000000004,3972.8691227792474,3973.118076189954,0.0949517063714973,11.704664861657193,0.0554764318340859,183;-295,54615;-88233,America/Toronto
45.51194,-73.52731,13.8,5.000000001587068e-06,8.00000000005241e-05,0.4500000000000002,3988.455901782349,3988.725371909955,0.0624188100153106,8.90533876779591,0.050488542075376,183;-295,54615;-88233,America/Toronto
45.51196,-73.52731,13.9,5.000000001587068e-06,3.999999999848569e-05,0.25,3990.6798003148383,3990.951517611118,0.1243549945904871,4.47047162322724,0.0558643244742678,183;-295,54615;-88233,America/Toronto
45.51202,-73.5273,14.3,5.000000001587068e-06,0.0001949999999979,0.2000000000000001,3997.396845028804,3997.680461784568,0.0256354085300807,21.705685253378988,0.0092139150588723,183;-295,54615;-88233,America/Toronto
45.51235,-73.5273,14.3,-5.000000001587068e-06,0.0002449999999996,-0.3000000000000007,4034.091170821596,4034.374787577361,-0.0204053306930459,27.25128466480578,-0.0110082106411436,183;-295,54615;-88233,America/Toronto
45.51251,-73.52731,13.7,-5.000000001587068e-06,0.0001400000000018,-0.5,4051.899414358415,4052.193135925809,-0.0356991126901857,15.575817367291847,-0.0320900244367197,183;-295,54616;-88233,America/Toronto
45.51263,-73.52731,13.3,-1.0000000003174137e-05,0.0001150000000009,-0.5,4065.24280555618,4065.542521254602,-0.0867383387026471,12.83685540732904,-0.0389306694756477,183;-295,54616;-88233,America/Toronto
45.51274,-73.52733,12.7,-1.999999999924285e-05,0.0001049999999978,-0.5,4077.573125173073,4077.887430401888,-0.1882215053016611,11.779242952492725,-0.0424220832498307,183;-295,54616;-88233,America/Toronto
45.51284,-73.52735,12.3,-2.4999999993724487e-05,0.0001049999999978,-0.5,4088.801291461165,4089.122719369825,-0.2337431808170592,11.840488683837975,-0.0422029132784439,183;-295,54616;-88233,America/Toronto
45.51295,-73.52738,11.7,-1.4999999997655776e-05,7.000000000090267e-05,-0.4000000000000003,4101.254102540749,4101.589976637717,-0.2110933331880859,7.894329439689045,-0.0506259857269958,183;-295,54616;-88233,America/Toronto
45.51298,-73.52738,11.5,4.999999994481641e-06,2.000000000279556e-05,-0.0999999999999996,4104.589950340544,4104.931814536747,0.2449786628342877,2.346815871454055,-0.0425851657251856,183;-295,54616;-88233,America/Toronto
45.51299,-73.52737,11.5,4.999999994481641e-06,1.5000000001208493e-05,-0.0499999999999998,4105.947734283657,4106.289598479861,0.3217505540413708,1.7908412378014873,-0.0279125882633389,183;-295,54616;-88233,America/Toronto
45.51301,-73.52737,11.4,0.0,1.999999999924285e-05,-0.0999999999999996,4108.1716328161465,4108.515744181024,0.0,2.223898532489329,-0.0449358106534098,183;-295,54616;-88233,America/Toronto
